{"assets/audios/favicon.png":["assets/audios/favicon.png"],"assets/fonts/favicon.png":["assets/fonts/favicon.png"],"assets/images/114Y91_AS01-removebg-preview.png":["assets/images/114Y91_AS01-removebg-preview.png"],"assets/images/124-1240501_rollo-100m-cable-de-alucobre-calibre-thw-rollos-removebg-preview.png":["assets/images/124-1240501_rollo-100m-cable-de-alucobre-calibre-thw-rollos-removebg-preview.png"],"assets/images/12_MESES_DE_GARANTA.png":["assets/images/12_MESES_DE_GARANTA.png"],"assets/images/3D_Elements_(2).png":["assets/images/3D_Elements_(2).png"],"assets/images/9hsjc_2.png":["assets/images/9hsjc_2.png"],"assets/images/Aceros.png":["assets/images/Aceros.png"],"assets/images/Baos.png":["assets/images/Baos.png"],"assets/images/Carpinteria.png":["assets/images/Carpinteria.png"],"assets/images/Diseo_sin_ttulo.png":["assets/images/Diseo_sin_ttulo.png"],"assets/images/Diseo_sin_ttulo_(1).png":["assets/images/Diseo_sin_ttulo_(1).png"],"assets/images/Diseo_sin_ttulo_(10).png":["assets/images/Diseo_sin_ttulo_(10).png"],"assets/images/Diseo_sin_ttulo_(11).png":["assets/images/Diseo_sin_ttulo_(11).png"],"assets/images/Diseo_sin_ttulo_(2).png":["assets/images/Diseo_sin_ttulo_(2).png"],"assets/images/Diseo_sin_ttulo_(22).png":["assets/images/Diseo_sin_ttulo_(22).png"],"assets/images/Diseo_sin_ttulo_(23).png":["assets/images/Diseo_sin_ttulo_(23).png"],"assets/images/Diseo_sin_ttulo_(3).png":["assets/images/Diseo_sin_ttulo_(3).png"],"assets/images/Diseo_sin_ttulo_(6).png":["assets/images/Diseo_sin_ttulo_(6).png"],"assets/images/Electricidad.png":["assets/images/Electricidad.png"],"assets/images/Ferreteria.png":["assets/images/Ferreteria.png"],"assets/images/Headers.png":["assets/images/Headers.png"],"assets/images/ISH_-_Presentacin_1_(3).png":["assets/images/ISH_-_Presentacin_1_(3).png"],"assets/images/Imgenes_de_Stock_(Productos)_(10).png":["assets/images/Imgenes_de_Stock_(Productos)_(10).png"],"assets/images/Maquinaria.png":["assets/images/Maquinaria.png"],"assets/images/Materiales.png":["assets/images/Materiales.png"],"assets/images/Pintura.png":["assets/images/Pintura.png"],"assets/images/Sin_ttulo_(1080__1500_px)_(1080__1200_px).png":["assets/images/Sin_ttulo_(1080__1500_px)_(1080__1200_px).png"],"assets/images/Sin_ttulo_(1080__1500_px)_(1080__700_px)_(1080__500_px).png":["assets/images/Sin_ttulo_(1080__1500_px)_(1080__700_px)_(1080__500_px).png"],"assets/images/Sin_ttulo_(864__625_px).png":["assets/images/Sin_ttulo_(864__625_px).png"],"assets/images/albfo_3.png":["assets/images/albfo_3.png"],"assets/images/app_launcher_icon.png":["assets/images/app_launcher_icon.png"],"assets/images/favicon.png":["assets/images/favicon.png"],"assets/images/kisspng-building-materials-architectural-engineering-brick-3d-brick-5b324abda0aa15.9736939015300225896581-removebg-preview.png":["assets/images/kisspng-building-materials-architectural-engineering-brick-3d-brick-5b324abda0aa15.9736939015300225896581-removebg-preview.png"],"assets/images/mcatd_1.png":["assets/images/mcatd_1.png"],"assets/images/messagesEmpty@2x.png":["assets/images/messagesEmpty@2x.png"],"assets/images/png-clipart-pipe-stainless-steel-nirvana-metals-stainless-steel-india-steel-removebg-preview.png":["assets/images/png-clipart-pipe-stainless-steel-nirvana-metals-stainless-steel-india-steel-removebg-preview.png"],"assets/images/social_GoogleWhite.svg":["assets/images/social_GoogleWhite.svg"],"assets/images/social_facebook.svg":["assets/images/social_facebook.svg"],"assets/images/yellow_square.png":["assets/images/yellow_square.png"],"assets/lottie_animations/favicon.png":["assets/lottie_animations/favicon.png"],"assets/pdfs/favicon.png":["assets/pdfs/favicon.png"],"assets/rive_animations/favicon.png":["assets/rive_animations/favicon.png"],"assets/videos/favicon.png":["assets/videos/favicon.png"],"packages/cupertino_icons/assets/CupertinoIcons.ttf":["packages/cupertino_icons/assets/CupertinoIcons.ttf"],"packages/font_awesome_flutter/lib/fonts/fa-brands-400.ttf":["packages/font_awesome_flutter/lib/fonts/fa-brands-400.ttf"],"packages/font_awesome_flutter/lib/fonts/fa-regular-400.ttf":["packages/font_awesome_flutter/lib/fonts/fa-regular-400.ttf"],"packages/font_awesome_flutter/lib/fonts/fa-solid-900.ttf":["packages/font_awesome_flutter/lib/fonts/fa-solid-900.ttf"]}